<beans xmlns="http://www.springframework.org/schema/beans"
	xmlns:xsi="http://www.w3.org/2001/XMLSchema-instance"
	xsi:schemaLocation="http://www.springframework.org/schema/beans http://www.springframework.org/schema/beans/spring-beans-3.0.xsd">

	<!--权限拦截器 -->
	<bean id="autoProxyCreator"
		class="org.springframework.aop.framework.autoproxy.BeanNameAutoProxyCreator">
		<property name="interceptorNames">
			<list>
				<value>authorizeInterceptor</value>
			</list>
		</property>
		<property name="beanNames">
			<list>
				<value>/*</value>
			</list>
		</property>
	</bean>

	<bean id="authorizeInterceptor" class="com.glaf.base.modules.sys.interceptor.AuthorizeInterceptor" />

</beans>
