<?xml version="1.0" encoding="utf-8"?>
<!DOCTYPE hibernate-mapping PUBLIC "-//Hibernate/Hibernate Mapping DTD 3.0//EN"
"http://hibernate.sourceforge.net/hibernate-mapping-3.0.dtd">
<!-- 
    Mapping file autogenerated by MyEclipse Persistence Tools
-->
<hibernate-mapping package="com.glaf.base.modules.sys.model">
    <class name="ExpEmployees" table="EXP_EMPLOYEES_INTERFACE">
        <id name="id" type="long">
            <column name="EMPLOYEE_ID" />
            <generator class="assigned" />
        </id>
        <property name="startDate" type="timestamp">
            <column name="EFFECTIVE_START_DATE" />
        </property>
        <property name="endDate" type="timestamp">
            <column name="EFFECTIVE_END_DATE" />
        </property>
        <property name="type" type="long">
            <column name="EMPLOYEE_TYPE_ID"/>
        </property>
        <property name="name" type="string">
            <column name="NAME" length="30" />
        </property>
        <property name="birth" type="timestamp">
            <column name="DATE_OF_BIRTH"/>
        </property>
        <property name="status" type="string">
            <column name="MARITAL_STATUS" length="30" />
        </property>
        <property name="identifier" type="string">
            <column name="NATIONAL_IDENTIFIER" length="30" />
        </property>
        <property name="sex" type="string">
            <column name="SEX" length="30" />
        </property>
        <property name="code" type="string">
            <column name="EMPLOYEE_CODE" length="30" />
        </property>
        <property name="email" type="string">
            <column name="EMAIL" length="50" />
        </property>
        <property name="mobil" type="string">
            <column name="MOBIL" length="50" />
        </property>
        <property name="ddlType" type="string">
            <column name="DDL_TYPE" length="30" />
        </property>
        <property name="lastUpdate" type="timestamp">
            <column name="LAST_UPDATE_DATE"/>
        </property>
        <property name="deptId" type="integer">
        	<column name="dept_id"></column>
        </property>
    </class>
</hibernate-mapping>
