<?xml version="1.0" encoding="utf-8"?>
<!DOCTYPE hibernate-mapping PUBLIC "-//Hibernate/Hibernate Mapping DTD 3.0//EN"
"http://hibernate.sourceforge.net/hibernate-mapping-3.0.dtd">
<!-- 
    Mapping file autogenerated by MyEclipse Persistence Tools
-->
<hibernate-mapping package="com.glaf.base.modules.sys.model">
    <class name="MstDepartment" table="MST_Department">
        <id name="unitId" type="integer">
            <column name="UNIT_ID" />
            <generator class="assigned" />
        </id>
        <property name="unitCode" type="string">
            <column name="UNIT_CODE" length="30" />
        </property>
        <property name="description" type="string">
            <column name="DESCRIPTION" length="80" />
        </property>
        <property name="parentUnitId" type="integer">
            <column name="PARENT_UNIT_ID" precision="22" />
        </property>
    
        <property name="enabledFlag" type="string">
            <column name="ENABLED_FLAG" length="30" />
        </property>
        <property name="unitLevel" type="integer">
            <column name="UNIT_LEVEL" precision="22" />
        </property>
        <property name="finUnitCode" type="string">
            <column name="FIN_UNIT_CODE" precision="22" />
        </property>
        <property name="ddlType" type="string">
            <column name="DDL_TYPE" length="30" />
        </property>
        <property name="lastUpdateDate" type="timestamp">
            <column name="LAST_UPDATE_DATE" length="23" />
        </property>
        <property name="treeId" type="integer">
        	<column name="treeId"  />
        </property>
        <property name="deptid" type="integer">
        	<column name="deptid"  />
        </property>
    </class>
    <class name="MstStation" table="MST_STATION">
        <id name="position_id" type="integer">
            <column name="position_id" />
            <generator class="assigned" />
        </id>
        <property name="unit_id" type="integer">
            <column name="unit_id" length="30" />
        </property>
        <property name="position_code" type="integer">
            <column name="position_code" length="20" />
        </property>
        <property name="description" type="string">
            <column name="description" precision="100" />
        </property>
        <property name="employee_job_id" type="string">
            <column name="employee_job_id" length="30" />
        </property>
    </class>
</hibernate-mapping>
