<?xml version="1.0" encoding="utf-8"?>
<!DOCTYPE hibernate-mapping PUBLIC "-//Hibernate/Hibernate Mapping DTD 3.0//EN"
"http://hibernate.sourceforge.net/hibernate-mapping-3.0.dtd">
<!-- 
    Mapping file autogenerated by MyEclipse Persistence Tools
-->
<hibernate-mapping>
    <class name="sysSrc.orm.TBatchcheckerrordada" table="T_BATCHCHECKERRORDADA">
        <composite-id name="id" class="sysSrc.orm.TBatchcheckerrordadaId">
            <key-property name="id" type="java.lang.Long">
                <column name="ID" precision="18" scale="0" />
            </key-property>
            <key-property name="filepath" type="java.lang.String">
                <column name="FILEPATH" length="200" />
            </key-property>
            <key-property name="filename" type="java.lang.String">
                <column name="FILENAME" length="200" />
            </key-property>
        </composite-id>
    </class>
</hibernate-mapping>
