<?xml version="1.0" encoding="utf-8"?>
<!DOCTYPE hibernate-mapping PUBLIC "-//Hibernate/Hibernate Mapping DTD 3.0//EN"
"http://hibernate.sourceforge.net/hibernate-mapping-3.0.dtd">
<!-- 
    Mapping file autogenerated by MyEclipse Persistence Tools
-->
<hibernate-mapping>
    <class name="sysSrc.orm.TBatchexelog" table="T_BATCHEXELOG">
        <id name="id" type="java.lang.Long">
            <column name="ID" precision="18" scale="0" />
            <generator class="assigned" />
        </id>
        <property name="batname" type="java.lang.String">
            <column name="BATNAME" length="80" not-null="true" />
        </property>
        <property name="exedate" type="java.util.Date">
            <column name="EXEDATE" length="7" not-null="true" />
        </property>
        <property name="execontext" type="java.lang.String">
            <column name="EXECONTEXT" length="200" />
        </property>
        <property name="exeresult" type="java.lang.String">
            <column name="EXERESULT" length="200" />
        </property>
        <property name="exeuser" type="java.lang.String">
            <column name="EXEUSER" length="20" />
        </property>
        <property name="logfile" type="java.lang.String">
            <column name="LOGFILE" length="200" />
        </property>
        <property name="exeenddate" type="java.util.Date">
            <column name="EXEENDDATE" length="7" />
        </property>
        <property name="batbusname" type="java.lang.String">
            <column name="BATBUSNAME" length="200" />
        </property>
        <property name="exeresultmemo" type="java.lang.String">
            <column name="EXERESULTMEMO" length="500" />
        </property>
        <property name="checkerrordata" type="java.lang.String">
            <column name="CHECKERRORDATA" length="200" />
        </property>
        <property name="logfilepath" type="java.lang.String">
            <column name="LOGFILEPATH" length="200" />
        </property>
    </class>
</hibernate-mapping>
