<?xml version="1.0" encoding="utf-8"?>
<!DOCTYPE hibernate-mapping PUBLIC "-//Hibernate/Hibernate Mapping DTD 3.0//EN"
"http://hibernate.sourceforge.net/hibernate-mapping-3.0.dtd">
<!-- 
    Mapping file autogenerated by MyEclipse Persistence Tools
-->
<hibernate-mapping>
    <class name="sysSrc.orm.TBatchconfig" table="T_BATCHCONFIG">
        <id name="batname" type="java.lang.String">
            <column name="BATNAME" length="80" />
            <generator class="assigned" />
        </id>
        <property name="lastexedate" type="java.util.Date">
            <column name="LASTEXEDATE" length="7" />
        </property>
        <property name="interval" type="java.math.BigDecimal">
            <column name="INTERVAL" precision="22" scale="0" />
        </property>
        <property name="what" type="java.lang.String">
            <column name="WHAT" length="200" />
        </property>
        <property name="lockflag" type="java.lang.String">
            <column name="LOCKFLAG" length="1" />
        </property>
        <property name="enable" type="java.lang.String">
            <column name="ENABLE" length="1" />
        </property>
        <property name="batclassname" type="java.lang.String">
            <column name="BATCLASSNAME" length="80" />
        </property>
        <property name="batbusname" type="java.lang.String">
            <column name="BATBUSNAME" length="200" />
        </property>
    </class>
</hibernate-mapping>
