<?xml version="1.0" encoding="utf-8"?>
<!DOCTYPE hibernate-mapping PUBLIC "-//Hibernate/Hibernate Mapping DTD 3.0//EN"
"http://hibernate.sourceforge.net/hibernate-mapping-3.0.dtd">
<!-- 
    Mapping file autogenerated by MyEclipse Persistence Tools
-->
<hibernate-mapping>
    <class name="sysSrc.orm.TBatchargsback" table="T_BATCHARGSBACK">
        <composite-id name="id" class="sysSrc.orm.TBatchargsbackId">
            <key-property name="batchname" type="java.lang.String">
                <column name="BATCHNAME" length="80" />
            </key-property>
            <key-property name="backdate" type="java.util.Date">
                <column name="BACKDATE" length="7" />
            </key-property>
        </composite-id>
        <property name="args" type="java.lang.String">
            <column name="ARGS" length="200" />
        </property>
    </class>
</hibernate-mapping>
