<?xml version="1.0" encoding="utf-8"?>
<!DOCTYPE hibernate-mapping PUBLIC "-//Hibernate/Hibernate Mapping DTD 3.0//EN"
"http://hibernate.sourceforge.net/hibernate-mapping-3.0.dtd">
<!-- 
    Mapping file autogenerated by MyEclipse Persistence Tools
-->
<hibernate-mapping>
    <class name="sysSrc.orm.TPrivilege" table="T_PRIVILEGE" lazy="false">
        <id name="FPrivilegeid" type="java.lang.String">
            <column name="F_PRIVILEGEID" length="6" />
            <generator class="assigned" />
        </id>
        <property name="FPrivilegename" type="java.lang.String">
            <column name="F_PRIVILEGENAME" length="200" />
        </property>
        <property name="FPrivilegefather" type="java.lang.String">
            <column name="F_Privilegefather" length="10" />
        </property>
        <property name="FPrivilegetype" type="java.lang.String">
            <column name="F_PRIVILEGETYPE" length="2">
                <comment>对应一级菜单</comment>
            </column>
        </property>
        <property name="FUrl" type="java.lang.String">
            <column name="F_URL" length="200" />
        </property>
        <set name="TRolePrivileges" inverse="true">
            <key>
                <column name="F_PRIVILEGEID" length="6" not-null="true" />
            </key>
            <one-to-many class="sysSrc.orm.TRolePrivilege" />
        </set>
    </class>
</hibernate-mapping>
