<?xml version="1.0" encoding="utf-8"?>
<!DOCTYPE hibernate-mapping PUBLIC "-//Hibernate/Hibernate Mapping DTD 3.0//EN"
"http://hibernate.sourceforge.net/hibernate-mapping-3.0.dtd">
<!-- 
    Mapping file autogenerated by MyEclipse Persistence Tools
-->
<hibernate-mapping>
    <class name="sysSrc.orm.TRolePrivilege" table="T_ROLE_PRIVILEGE" lazy="false">
        <composite-id name="id" class="sysSrc.orm.TRolePrivilegeId">
            <key-many-to-one name="TRole" class="sysSrc.orm.TRole">
                <column name="F_ROLEID" precision="16" scale="0" />
            </key-many-to-one>
            <key-many-to-one name="TPrivilege" class="sysSrc.orm.TPrivilege">
                <column name="F_PRIVILEGEID" length="6" />
            </key-many-to-one>
        </composite-id>
        <property name="FCreatuserid" type="java.lang.String">
            <column name="F_CREATUSERID" length="40" />
        </property>
        <property name="FUpdateuserid" type="java.lang.String">
            <column name="F_UPDATEUSERID" length="40" />
        </property>
        <property name="FCreatdate" type="java.util.Date">
            <column name="F_CREATDATE" length="7" />
        </property>
        <property name="FUpdatedate" type="java.util.Date">
            <column name="F_UPDATEDATE" length="7" />
        </property>
    </class>
</hibernate-mapping>
