<?xml version="1.0" encoding="utf-8"?>
<!DOCTYPE hibernate-mapping PUBLIC "-//Hibernate/Hibernate Mapping DTD 3.0//EN"
"http://hibernate.sourceforge.net/hibernate-mapping-3.0.dtd">
<!-- 
    Mapping file autogenerated by MyEclipse Persistence Tools
-->
<hibernate-mapping>
    <class name="sysSrc.orm.TRole" table="T_ROLE" lazy="false">
        <id name="FRoleid" type="java.lang.Long">
            <column name="F_ROLEID" precision="16" scale="0" />
            <generator class="assigned" />
        </id>
        <property name="FRolename" type="java.lang.String">
            <column name="F_ROLENAME" length="100" />
        </property>
        <property name="FRemark" type="java.lang.String">
            <column name="F_REMARK" length="200" />
        </property>
        <set name="TUsersRoles" inverse="true">
            <key>
                <column name="F_ROLEID" precision="16" scale="0" not-null="true" />
            </key>
            <one-to-many class="sysSrc.orm.TUsersRole" />
        </set>
        <set name="TRolePrivileges" inverse="true">
            <key>
                <column name="F_ROLEID" precision="16" scale="0" not-null="true" />
            </key>
            <one-to-many class="sysSrc.orm.TRolePrivilege" />
        </set>
    </class>
</hibernate-mapping>
