<?xml version="1.0" encoding="utf-8"?>
<!DOCTYPE hibernate-mapping PUBLIC "-//Hibernate/Hibernate Mapping DTD 3.0//EN"
"http://hibernate.sourceforge.net/hibernate-mapping-3.0.dtd">
<!-- 
    Mapping file autogenerated by MyEclipse Persistence Tools
-->
<hibernate-mapping>
    <class name="sysSrc.orm.TUsers" table="T_USERS" lazy="false">
        <id name="FUserid" type="java.lang.String">
            <column name="F_USERID" length="20" />
            <generator class="assigned" />
        </id>
        <property name="FName" type="java.lang.String">
            <column name="F_NAME" length="30" />
        </property>
        <property name="FPassword" type="java.lang.String">
            <column name="F_PASSWORD" length="30" />
        </property>
        <property name="FEmail" type="java.lang.String">
            <column name="F_EMAIL" length="100" />
        </property>
        <property name="FStatus" type="java.lang.String">
            <column name="F_STATUS" length="1">
                <comment>1：可用 2：不可用</comment>
            </column>
        </property>
        <property name="FCreatuserid" type="java.lang.String">
            <column name="F_CREATUSERID" length="40" />
        </property>
        <property name="FCreatdate" type="java.util.Date">
            <column name="F_CREATDATE" length="7" />
        </property>
        <property name="FUpdateuserid" type="java.lang.String">
            <column name="F_UPDATEUSERID" length="40" />
        </property>
        <property name="FUpdatedate" type="java.util.Date">
            <column name="F_UPDATEDATE" length="7" />
        </property>
        <set name="TUsersRoles" inverse="true">
            <key>
                <column name="F_USERID" length="20" not-null="true" />
            </key>
            <one-to-many class="sysSrc.orm.TUsersRole" />
        </set>
    </class>
</hibernate-mapping>
