<beans xmlns="http://www.springframework.org/schema/beans"
	xmlns:xsi="http://www.w3.org/2001/XMLSchema-instance"
	xsi:schemaLocation="http://www.springframework.org/schema/beans http://www.springframework.org/schema/beans/spring-beans-2.0.xsd">

	<bean name="/workspace/mymenu" class="com.glaf.base.modules.workspace.action.MyMenuAction">
		<property name="myMenuService">
			<ref bean="myMenuProxy" />
		</property>
	</bean>

	<bean name="/workspace/message" class="com.glaf.base.modules.workspace.action.MessageAction">
		<property name="messageService">
			<ref bean="messageProxy" />
		</property>
		<property name="sysUserService">
			<ref bean="sysUserProxy" />
		</property>
	</bean>

</beans>