<?xml version="1.0" encoding="GBK"?>
<beans xmlns="http://www.springframework.org/schema/beans"
	xmlns:xsi="http://www.w3.org/2001/XMLSchema-instance"
	xsi:schemaLocation="http://www.springframework.org/schema/beans http://www.springframework.org/schema/beans/spring-beans-3.0.xsd">

	<bean id="sqlMapClientFactoryBean" class="org.springframework.orm.ibatis.SqlMapClientFactoryBean">
		<property name="configLocation">
			<value>classpath:/sysConfigfiles/sqlmap/config/jbpm/jpage-sqlmap-config.xml</value>
		</property>
		<!-- <property name="dataSource" ref="myDataSource" /> -->
		<property name="dataSource" ref="dataSource" />
	</bean>

	<bean id="sqlMapClientDAO" class="com.glaf.base.modules.sqlmap.SqlMapClientDAO">
		<property name="sqlMapClient" ref="sqlMapClientFactoryBean" />
	</bean>

	<bean id="sqlMapManager" class="com.glaf.base.modules.sqlmap.SqlMapManager">
		<property name="sqlMapClientDAO" ref="sqlMapClientDAO" />
	</bean>

</beans>