<beans xmlns="http://www.springframework.org/schema/beans"
	xmlns:xsi="http://www.w3.org/2001/XMLSchema-instance"
	xsi:schemaLocation="http://www.springframework.org/schema/beans http://www.springframework.org/schema/beans/spring-beans-3.0.xsd">

	<import resource="spring-database.xml" />
	<import resource="spring-dao.xml" />
	<!-- 2012-07-31 基盘整合 临时注释 :暂不引入组件功能
	<import resource="spring-sys.xml" /> 
	<import resource="spring-security.xml" /> 
	<import resource="spring-others.xml" /> 
	<import resource="spring-workspace.xml" /> 
	<import resource="spring-ajax.xml" /> 
	<import resource="spring-quartz.xml" /> 
	<import resource="spring-todo.xml" /> 
	<import resource="spring-sqlmap.xml" /> -->

</beans>

 