<?xml version="1.0" encoding="UTF-8"?>
<!DOCTYPE struts-config PUBLIC
          "-//Apache Software Foundation//DTD Struts Configuration 1.2//EN"
          "http://jakarta.apache.org/struts/dtds/struts-config_1_2.dtd">
          
<struts-config>  
  <form-beans>
    <form-bean name="DictoryForm" type="com.glaf.base.modules.sys.actionform.DictoryForm"/>
    <form-bean name="AttachmentForm" type="com.glaf.base.modules.sys.actionform.AttachmentForm"/>
    <form-bean name="SubjectCodeForm" type="com.glaf.base.modules.sys.actionform.SubjectCodeForm"/>    
  </form-beans>
  
  <!--Action Mapping Definitions-->
  <action-mappings>
    <action path="/sys/frame" forward="/WEB-INF/views/module/frame.jsp"/>
    <action path="/sys/spframe" forward="/WEB-INF/views/module/spframe.jsp"/>
    <action path="/sys/authorize"
            parameter="method"
            scope="request"
            name="GenericForm"
            type="org.springframework.web.struts.DelegatingActionProxy">
      <forward name="show_menu" path="/WEB-INF/views/module/menu.jsp"/>
      <forward name="show_submenu" path="/WEB-INF/views/module/sub_menu.jsp"/>
      <forward name="show_login" path="/WEB-INF/views/module/login.jsp"/>
      <forward name="show_frame" path="/sys/frame.do" redirect="true"/>
      <forward name="show_sp_frame" path="/sys/spframe.do" redirect="true"/>
    </action>
   
    <action path="/sys/application"
            parameter="method"
            scope="request"
            name="GenericForm"
            type="org.springframework.web.struts.DelegatingActionProxy">
      <forward name="show_list" path="/WEB-INF/views/module/sys/app_list.jsp"/>
      <forward name="show_add" path="/WEB-INF/views/module/sys/app_add.jsp"/>
      <forward name="show_modify" path="/WEB-INF/views/module/sys/app_modify.jsp"/>
      <forward name="go_list" path="/sys/application.do?method=showList"/>
      <forward name="show_permission" path="/WEB-INF/views/module/sys/permission_frame.jsp"/>
      <forward name="show_frame" path="/WEB-INF/views/module/sys/app_frame.jsp"/>
      <forward name="show_base" path="/WEB-INF/views/module/sys/basedata_frame.jsp"/>
      <forward name="show_nav" path="/WEB-INF/views/module/navmenu.jsp"/>
      <forward name="show_asset" path="/WEB-INF/views/module/sys/asset_frame.jsp"/>      
    </action>
    
    <action path="/sys/department"
            parameter="method"
            scope="request"
            name="GenericForm"
            type="org.springframework.web.struts.DelegatingActionProxy">
      <forward name="show_list" path="/WEB-INF/views/module/sys/dept_list.jsp"/>
      <forward name="show_add" path="/WEB-INF/views/module/sys/dept_add.jsp"/>
      <forward name="show_modify" path="/WEB-INF/views/module/sys/dept_modify.jsp"/>
      <forward name="go_list" path="/sys/department.do?method=showList"/>
      <forward name="show_frame" path="/WEB-INF/views/module/sys/dept_frame.jsp"/>
	  <forward name="show_select_all" path="/WEB-INF/views/module/sys/dept_select_all.jsp"/>
      <forward name="show_select" path="/WEB-INF/views/module/sys/dept_select.jsp"/>
      <forward name="show_select2" path="/WEB-INF/views/module/sys/dept_select2.jsp"/>
      <forward name="show_select3" path="/WEB-INF/views/module/sys/dept_select3.jsp"/>
	  <forward name="show_suball_list" path="/WEB-INF/views/module/sys/subdeptall_list.jsp"/>
      <forward name="show_sub_list" path="/WEB-INF/views/module/sys/subdept_list.jsp"/>
      <forward name="show_email_select" path="/WEB-INF/views/module/sys/dept_email_select.jsp"></forward>
    </action>
    
    <action path="/sys/user"
            parameter="method"
            scope="request"
            name="GenericForm"
            type="org.springframework.web.struts.DelegatingActionProxy">
      <forward name="show_list" path="/WEB-INF/views/module/sys/user_list.jsp"/>
      <forward name="show_add" path="/WEB-INF/views/module/sys/user_add.jsp"/>
      <forward name="show_modify" path="/WEB-INF/views/module/sys/user_modify.jsp"/>
      <forward name="go_list" path="/sys/user.do?method=showList"/>
      <forward name="show_role" path="/WEB-INF/views/module/sys/user_role.jsp"/>
      <forward name="show_frame" path="/WEB-INF/views/module/sys/user_frame.jsp"/>
      <forward name="show_duty" path="/WEB-INF/views/module/sys/duty_select.jsp"/>
      <forward name="show_modify_info" path="/WEB-INF/views/module/sys/user_change_info.jsp"/>
      <forward name="show_role_user" path="/WEB-INF/views/module/sys/deptRole_user.jsp"/>
      <forward name="show_sel_user" path="/WEB-INF/views/module/sys/dept_user_sel.jsp"/>
      <forward name="sysUserList" path="/WEB-INF/views/module/sys/user_select.jsp" />
	  <forward name="userByDept_list" path="/WEB-INF/views/module/sys/userByDept_list.jsp" />
	  <forward name="show_user" path="/WEB-INF/views/module/sys/user_info.jsp"/>
	  <forward name="showPasswordList" path="/WEB-INF/views/module/sys/user_password_list.jsp"/>
    </action>
        
    <action path="/sys/role"
            parameter="method"
            scope="request"
            name="GenericForm"
            type="org.springframework.web.struts.DelegatingActionProxy">
      <forward name="show_list" path="/WEB-INF/views/module/sys/role_list.jsp"/>
      <forward name="show_add" path="/WEB-INF/views/module/sys/role_add.jsp"/>
      <forward name="show_modify" path="/WEB-INF/views/module/sys/role_modify.jsp"/>
      <forward name="go_list" path="/sys/role.do?method=showList"/>      
    </action>

    <action path="/sys/deptRole"
            parameter="method"
            scope="request"
            name="GenericForm"
            type="org.springframework.web.struts.DelegatingActionProxy">
      <forward name="show_list" path="/WEB-INF/views/module/sys/deptRole_list.jsp"/>
      <forward name="show_add" path="/WEB-INF/views/module/sys/deptRole_add.jsp"/>
      <forward name="show_modify" path="/WEB-INF/views/module/sys/deptRole_modify.jsp"/>
      <forward name="go_list" path="/sys/deptRole.do?method=showList"/>
      <forward name="show_permission" path="/WEB-INF/views/module/sys/deptRole_permission.jsp"/>      
      <forward name="show_privilege" path="/WEB-INF/views/module/sys/deptRole_privilege.jsp"/>
    </action>

    <action path="/sys/tree"
            parameter="method"
            scope="request"
            name="GenericForm"
            type="org.springframework.web.struts.DelegatingActionProxy">
      <forward name="show_frame" path="/WEB-INF/views/module/sys/tree_frame.jsp"/>
	  <forward name="show_top" path="/WEB-INF/views/module/sys/tree_top.jsp"/>
      <forward name="show_left" path="/WEB-INF/views/module/sys/tree_left.jsp"/>
      <forward name="show_list" path="/WEB-INF/views/module/sys/tree_list.jsp"/>
      <forward name="show_add" path="/WEB-INF/views/module/sys/tree_add.jsp"/>
      <forward name="show_modify" path="/WEB-INF/views/module/sys/tree_modify.jsp"/>
      <forward name="show_sub_list" path="/WEB-INF/views/module/sys/subtree_list.jsp"/>
    </action>

    <action path="/sys/dictory"
            parameter="method"
            scope="request"
            name="DictoryForm"
            type="org.springframework.web.struts.DelegatingActionProxy">
      <forward name="show_list" path="/WEB-INF/views/module/sys/dictory_list.jsp"/>
      <forward name="show_add" path="/WEB-INF/views/module/sys/dictory_add.jsp"/>
      <forward name="show_modify" path="/WEB-INF/views/module/sys/dictory_modify.jsp"/>
      <forward name="show_frame" path="/WEB-INF/views/module/sys/dictory_frame.jsp"/>
      <forward name="show_load" path="/WEB-INF/views/module/sys/dictory_load.jsp"/>
      <forward name="show_select" path="/WEB-INF/views/module/sys/dictory_select.jsp"/>
     </action>
    
    <action path="/sys/function"
            parameter="method"
            scope="request"
            name="GenericForm"
            type="org.springframework.web.struts.DelegatingActionProxy">
      <forward name="show_list" path="/WEB-INF/views/module/sys/func_list.jsp"/>
      <forward name="go_list" path="/sys/function.do?method=showFuncList"/>
    </action>

    <action path="/sys/subject"
            parameter="method"
            scope="request"
            name="SubjectCodeForm"
            type="org.springframework.web.struts.DelegatingActionProxy">
      <forward name="show_subjecttree" path="/WEB-INF/views/module/sys/subjecttree_list.jsp"/>
      <forward name="show_list1" path="/WEB-INF/views/module/budget/fee_list1.jsp"/>
      <forward name="show_list2" path="/WEB-INF/views/module/budget/fee_list2.jsp"/>
      <forward name="show_add" path="/WEB-INF/views/module/budget/fee_add.jsp"/>
      <forward name="show_modify" path="/WEB-INF/views/module/budget/fee_modify.jsp"/>
    </action>

	<action path="/sys/select_subject" forward="/WEB-INF/views/module/sys/select_subject_tree.jsp" />
	
	<action path="/sys/sysUserRole"
            parameter="method"
            scope="request"
            name="GenericForm"
            type="org.springframework.web.struts.DelegatingActionProxy">
      <forward name="show_list" path="/WEB-INF/views/module/sys/authorize_list.jsp"/>
      <forward name="show_users" path="/WEB-INF/views/module/sys/authorize_users.jsp"/>
      <forward name="show_auth_panel" path="/WEB-INF/views/module/sys/authorize_panel.jsp"/>
      <forward name="show_userAuth_panel" path="/WEB-INF/views/module/sys/authorizeUser_panel.jsp"/>
    </action>
  </action-mappings>
</struts-config>