<?xml version='1.0' encoding='utf-8'?>

<!DOCTYPE hibernate-configuration PUBLIC
          "-//Hibernate/Hibernate Configuration DTD 3.0//EN"
          "http://hibernate.sourceforge.net/hibernate-configuration-3.0.dtd">

<hibernate-configuration>
  <session-factory>
      <!-- jdbc connection properties -->
    <property name="hibernate.dialect">org.hibernate.dialect.PostgreSQLDialect</property>
    <property name="hibernate.connection.driver_class">org.postgresql.Driver</property>
    <!-- 
    <property name="hibernate.connection.url">jdbc:oracle:thin:@192.168.138.194:1521:GPSITA</property>
    <property name="hibernate.connection.username">KAIFAYX</property>
    <property name="hibernate.connection.password">KAIFAYX</property>
	-->
    <property name="hibernate.cache.provider_class">org.hibernate.cache.HashtableCacheProvider</property>
    
    
    <!-- c3p0 connection pooling properties -->
    <property name="hibernate.c3p0.min_size">1</property>
    <property name="hibernate.c3p0.max_size">30</property>
    <property name="hibernate.show_sql">true</property>
    <property name="hibernate.format_sql">true</property>
    <property name="hibernate.use_sql_comments">true</property>
  
	<mapping resource="sysSrc/orm/TPrivilege.hbm.xml" />
	<mapping resource="sysSrc/orm/TRole.hbm.xml" />
	<mapping resource="sysSrc/orm/TRolePrivilege.hbm.xml" />
	<mapping resource="sysSrc/orm/TUsers.hbm.xml" />
	<mapping resource="sysSrc/orm/TUsersRole.hbm.xml" />
	<mapping resource="sysSrc/orm/TBatchexelog.hbm.xml" />
	<mapping resource="sysSrc/orm/TBatchconfig.hbm.xml" />
	<mapping resource="sysSrc/orm/TBatchiofile.hbm.xml" />
	<mapping resource="sysSrc/orm/TBatchargsback.hbm.xml" />
	<mapping resource="sysSrc/orm/TBatchcheckerrordada.hbm.xml" />
	
  </session-factory>
</hibernate-configuration>
