﻿<?xml version="1.0" encoding="UTF-8"?>
<!DOCTYPE struts-config PUBLIC "-//Apache Software Foundation//DTD Struts Configuration 1.3//EN" "http://struts.apache.org/dtds/struts-config_1_3.dtd">

<struts-config>

  
  <form-beans>  
    <form-bean name="loginForm" type="sysSrc.common.login.LoginForm"></form-bean>
    <form-bean name="showBatchExeLogForm" type="sysSrc.common.batch.ShowBatchExeLogForm"></form-bean>
    <form-bean name="showIOFileForm" type="sysSrc.common.batch.ShowIOFileForm"></form-bean>
    <form-bean name="showCheckErrorDataFileForm" type="sysSrc.common.batch.ShowCheckErrorDataFileForm"></form-bean>
    
    <form-bean name="manageBatchForm" type="sysSrc.common.batch.ManageBatchForm"></form-bean>
    <form-bean name="userManageFrom" type="sysSrc.common.userPrivilege.UserManageFrom"></form-bean>
    <form-bean name="rolesSelectFrom" type="sysSrc.common.userPrivilege.RolesSelectFrom"></form-bean>
    <form-bean name="gysSelectFrom" type="sysSrc.common.userPrivilege.GysSelectFrom"></form-bean>
    <form-bean name="funTopForm" type="sysSrc.common.changeLanguage.FunTopForm"></form-bean>
    <!-- 系统字典 -->
    <form-bean name="sysDictionaryForm" type="sysSrc.common.sysDictionary.SysDictionaryFrom"></form-bean>
    <form-bean name="sysDictionaryAddForm" type="sysSrc.common.sysDictionary.SysDictionaryAddFrom"></form-bean>
  </form-beans>
  

  <action-mappings>
	<action
	  input="/sys/sysJsp/login.jsp"
	  path="/login"
	  name="loginForm"
	  scope="request"
	  validate="false"
	  type="org.springframework.web.struts.DelegatingActionProxy" >
	  <forward name="indexGo" path="/sys/sysJsp/index.jsp" />
	</action>

	<action
	  input="/sys/sysJsp/batch/showBatchExeLog.jsp"
	  path="/showBatchExeLog"
	  name="showBatchExeLogForm"
	  scope="request"
	  validate="false"
	  type="org.springframework.web.struts.DelegatingActionProxy" >
	  <forward name="localGo" path="/sys/sysJsp/batch/showBatchExeLog.jsp" />
	</action>
	
	<action
	  input="/sys/sysJsp/batch/showIOFile.jsp"
	  path="/showIOFile"
	  name="showIOFileForm"
	  scope="request"
	  validate="false"
	  type="org.springframework.web.struts.DelegatingActionProxy" >
	  <forward name="localGo" path="/sys/sysJsp/batch/showIOFile.jsp" />
	</action>
	
	<action
	  input="/sys/sysJsp/batch/showCheckErrorDataFile.jsp"
	  path="/showCheckErrorDataFile"
	  name="showCheckErrorDataFileForm"
	  scope="request"
	  validate="false"
	  type="org.springframework.web.struts.DelegatingActionProxy" >
	  <forward name="localGo" path="/sys/sysJsp/batch/showCheckErrorDataFile.jsp" />
	</action>
	
	<action
	  input="/sys/sysJsp/batch/managerBatch.jsp"
	  path="/manageBatch"
	  name="manageBatchForm"
	  scope="request"
	  validate="false"
	  type="org.springframework.web.struts.DelegatingActionProxy" >
	  <forward name="localGo" path="/sys/sysJsp/batch/managerBatch.jsp" />
	</action>
	
	
	<!-- 用户信息维护 -->
	<action
	  input="/sys/sysJsp/userPrivilege/userManage.jsp"
	  path="/userManage"
	  name="userManageFrom"
	  scope="request"
	  validate="false"
	  type="org.springframework.web.struts.DelegatingActionProxy" >
	  <forward name="indexGo" path="/sys/sysJsp/userPrivilege/userManage.jsp" />
	</action>
	
	<action
	  input="/sys/sysJsp/userPrivilege/rolesSelect.jsp"
	  path="/rolesSelect"
	  name="rolesSelectFrom"
	  scope="request"
	  validate="false"
	  type="org.springframework.web.struts.DelegatingActionProxy" >
	  <forward name="indexGo" path="/sys/sysJsp/userPrivilege/rolesSelect.jsp" />
	</action>

	<action
	  input="/sys/sysJsp/top.jsp"
	  path="/funTop"
	  name="funTopForm"
	  scope="request"
	  validate="false"
	  type="org.springframework.web.struts.DelegatingActionProxy" >
	  <forward name="indexGo" path="/sys/sysJsp/index.jsp" />
	  <forward name="loginGo" path="/sys/sysJsp/login.jsp" />
	</action>
	
	
	<!-- 系统字典管理 -->
	<action
		input="/sys/sysJsp/sysDictionary/SysDictionary.jsp"
		path="/showSysDictionary"
		name="sysDictionaryForm"
		scope="request"
	    validate="false"
	    type="org.springframework.web.struts.DelegatingActionProxy" >
		<forward name="localGo" path="/sys/sysJsp/sysDictionary/showSysDictionary.jsp" />
	</action>
	<action
		input="/sys/sysJsp/sysDictionary/showSysDictionaryAdd.jsp"
		path="/showSysDictionaryAdd"
		name="sysDictionaryAddForm"
		scope="request"
	    validate="false"
	    type="org.springframework.web.struts.DelegatingActionProxy" >
		<forward name="localGo" path="/sys/sysJsp/sysDictionary/showSysDictionaryAdd.jsp" />
	</action>
  </action-mappings>
  
    <message-resources parameter="sysConfigfiles.ApplicationResources" />

	<plug-in className="org.apache.struts.validator.ValidatorPlugIn"> 
	<set-property property="pathnames" 
	value="/org/apache/struts/validator/validator-rules.xml,/WEB-INF/classes/sysConfigfiles/validations-sys.xml,/WEB-INF/classes/demoConfigfiles/validations_demo.xml" />
	<set-property property="stopOnFirstError" value="true"/> 
	</plug-in>  
  
</struts-config>

