<!DOCTYPE form-validation PUBLIC
        "-//Apache Software Foundation//DTD Commons Validator Rules Configuration 1.3.0//EN"
        "http://jakarta.apache.org/commons/dtds/validator_1_3_0.dtd">
<form-validation>
	<formset>
		<form name="loginForm">
			<field property="userId" depends="required">
				<arg key="lgfrm.userId" position="0"/>
			</field>			
			<field property="password" depends="required,minlength">
				<arg position="0" key="lgfrm.password"/>
			 	<arg position="1" key="${var:minlength}" name="minlength" resource="false"/>
				<var>
					<var-name>minlength</var-name>
					<var-value>7</var-value>
				</var>
			</field>
			<!-- helang <field property="password1" depends="validwhen">
                <msg name="validwhen" key="lgfrm.password"/>                
                <arg   key="prompt.password"/>
                <var>
                    <var-name>test</var-name>
                    <var-value>(*this* == password)</var-value>
                </var>
            </field> -->			
		</form>
	</formset>
</form-validation>